{ "devices":[
  {"name":"Raspberry PI","data":[
    {"id":"audiophonics-es9028q2m-dac","name":"Audiophonics I-Sabre ES9028Q2M","overlay":"i-sabre-k2m","alsanum":"1","mixer":"Digital","modules":"","script":"","needsreboot":"yes"},
    {"id":"adafruit-max98357","name":"Adafruit MAX98357","overlay":"hifiberry-dac","alsanum":"1","mixer":"","modules":"","script":"","needsreboot":"yes"},
    {"id":"allo-boss-dac","name":"Allo BOSS","overlay":"allo-boss-dac-pcm512x-audio","alsanum":"1","mixer":"Digital","modules":"","script":"","needsreboot":"yes"},
    {"id":"allo-digione","name":"Allo DigiOne","overlay":"allo-digione","alsanum":"1","mixer":"","modules":"","script":"","needsreboot":"yes"},
    {"id":"allo-katana-dac","name":"Allo Katana","overlay":"allo-katana-dac-audio","alsanum":"1","mixer":"Master","modules":"","script":"","needsreboot":"yes"},
    {"id":"piano-dac","name":"Allo Piano","overlay":"allo-piano-dac-pcm512x-audio","alsanum":"1","mixer":"Digital","modules":"","script":"","needsreboot":"yes"},
    {"id":"piano-dac-plus","name":"Allo Piano 2.1","overlay":"allo-piano-dac-plus-pcm512x-audio","alsanum":"1","mixer":"Digital","modules":"","script":"","needsreboot":"yes"},
    {"id":"applepi-dac","name":"ApplePi DAC","overlay":"applepi-dac","alsanum":"1","mixer":"","modules":"","script":"","needsreboot":"yes"},
    {"id":"fe-pi-audio","name":"Fe-Pi Audio","overlay":"fe-pi-audio","alsanum":"1","mixer":"PCM","modules":"","script":"","needsreboot":"yes"},
    {"id":"generic-dac","name":"Generic I2S DAC","overlay":"hifiberry-dac","alsanum":"1","mixer":"","modules":"","script":"","needsreboot":"yes"},
    {"id":"hifiberry-amp","name":"HiFiBerry Amp","overlay":"hifiberry-amp","alsanum":"1","mixer":"Master","modules":"","script":"","needsreboot":"yes"},
    {"id":"hifiberry-dac","name":"HiFiBerry DAC","overlay":"hifiberry-dac","alsanum":"1","mixer":"","modules":"","script":"","needsreboot":"yes"},
    {"id":"hifiberry-dacplus","name":"HiFiBerry DAC Plus","overlay":"hifiberry-dacplus","alsanum":"1","mixer":"Digital","modules":"","script":"","eeprom_name":"HiFiBerry DAC+","i2c_address":"4d","needsreboot":"no"},
    {"id":"hifiberry-digi","name":"HiFiBerry Digi","overlay":"hifiberry-digi","alsanum":"1","mixer":"","modules":"","script":"","needsreboot":"yes"},
    {"id":"hifiberry-digi-pro","name":"HiFiBerry Digi+ Pro","overlay":"hifiberry-digi-pro","alsanum":"1","mixer":"","modules":"","script":"","needsreboot":"no"},
    {"id":"hifibox-dac","name":"HiFiBox DAC","overlay":"hifiberry-dacplus","alsanum":"1","mixer":"Digital","modules":"","script":"","eeprom_name":["HiFiBox DAC HAT","HiFiBox DAC HAT V1","HiFiBox DAC HAT V 10"],"needsreboot":"no"},
    {"id":"iqaudio-dacplus","name":"IQaudIO DAC Plus","overlay":"iqaudio-dacplus,unmute_amp ","alsanum":"1","mixer":"Digital","modules":"","script":"iqamp-unmute.sh","i2c_address":"4c","needsreboot":"no"},
    {"id":"iqaudio-digiplus","name":"IQaudIO Pi-Digi+","overlay":"iqaudio-digi-wm8804-audio","alsanum":"1","mixer":"","modules":"","script":"","needsreboot":"yes"},	  
    {"id":"iqaudio-amp","name":"IQaudIO Pi-DigiAMP+","overlay":"iqaudio-dacplus,unmute_amp ","alsanum":"1","mixer":"Digital","modules":"","script":"iqamp-unmute.sh","needsreboot":"yes"},
    {"id":"justboom-amp","name":"JustBoom Amp Boards","overlay":"justboom-dac","alsanum":"1","mixer":"Digital","modules":"","script":"","eeprom_name":["JustBoom DAC HAT","JustBoom DAC HAT v1.1"],"needsreboot":"yes"},
    {"id":"justboom-dac","name":"JustBoom DAC Boards","overlay":"justboom-dac","alsanum":"1","mixer":"Digital","modules":"","script":"","eeprom_name":["JustBoom DAC HAT","JustBoom DAC HAT v1.1"],"needsreboot":"yes"},
    {"id":"justboom-digi","name":"JustBoom Digi Boards","overlay":"justboom-digi","alsanum":"1","mixer":"","modules":"","script":"","eeprom_name":["JustBoom Digi HAT","JustBoom Digi HAT v1.1"],"needsreboot":"yes"},
    {"id":"mamboberry-dac","name":"Mamboberry LS DAC+","overlay":"hifiberry-dac","alsanum":"1","mixer":"","modules":"","script":"","needsreboot":"yes"},
    {"id":"nanosound-dac","name":"NanoSound DAC","overlay":"hifiberry-dacplus","alsanum":"1","mixer":"Digital","modules":"","script":"","needsreboot":"no"},
    {"id":"502-dac","name":"PI 2 Design 502DAC","overlay":"hifiberry-dacplus","alsanum":"1","mixer":"Digital","modules":"","script":"","needsreboot":"yes"},
    {"id":"502-dac-pro","name":"PI 2 Design 502DAC Pro","overlay":"hifiberry-dacplus","alsanum":"1","mixer":"Digital","modules":"","script":"","needsreboot":"yes"},
    {"id":"503hta-hybrid","name":"PI 2 Design 503HTA Hybrid Tube Amp","overlay":"hifiberry-dac","alsanum":"1","mixer":"","modules":"","script":"","needsreboot":"yes"},
    {"id":"phat-beat","name":"pHAT BEAT","overlay":"hifiberry-dac","alsanum":"1","mixer":"","modules":"","script":"","needsreboot":"yes"},
    {"id":"phat-dac","name":"pHAT DAC","overlay":"hifiberry-dac","alsanum":"1","mixer":"","modules":"","script":"","needsreboot":"yes"},
    {"id":"picade-hat","name":"Picade HAT","overlay":"hifiberry-dac","alsanum":"1","mixer":"","modules":"","script":"","needsreboot":"yes","eeprom_name":["Picade HAT"]},
    {"id":"pisound","name":"pisound","overlay":"pisound","alsanum":"1","mixer":"","modules":"","script":"","needsreboot":"no"},
    {"id":"raspidacv3","name":"RaspiDACv3","overlay":"raspidac3","alsanum":"1","mixer":"Digital","modules":"","script":"","needsreboot":"yes"},
    {"id":"rpi-dac","name":"R-PI DAC","overlay":"rpi-dac","alsanum":"1","mixer":"Digital","modules":"","script":"","needsreboot":"yes"},
    {"id":"soekris-dac","name":"Soekris dam 1021","overlay":"hifiberry-dac","alsanum":"1","mixer":"","modules":"","script":"","needsreboot":"yes"},
    {"id":"speaker-phat","name":"Speaker pHAT","overlay":"hifiberry-dac","alsanum":"1","mixer":"","modules":"","script":"","needsreboot":"yes"},
    {"id":"st400-dac-amp","name":"ST400 Dac (PCM5122) - Amp","overlay":"iqaudio-dacplus","alsanum":"1","mixer":"Digital","modules":"","script":"","needsreboot":"yes"},
    {"id":"taudac","name":"TauDAC - DM101","overlay":"taudac","alsanum":"1","mixer":"","modules":"","script":"","eeprom_name":"TauDAC-DM101","needsreboot":"yes"},
    {"id":"terraberry-dac2","name":"Terra-Berry DAC 2","overlay":"hifiberry-dac","alsanum":"1","mixer":"","modules":"","script":"","needsreboot":"yes"},
    {"id":"es90x8q2m-dac","name":"Volumio ESS 9028QM","overlay":"es90x8q2m-dac","alsanum":"1","mixer":"Digital","modules":"","script":"","i2c_address":"48","needsreboot":"no"}
  ]},
  {"name":"Odroid C1+","data":[
    {"id":"odroid-hifi-shield","name":"HiFi Shield","overlay":"","alsanum":"2","mixer":"","modules":"","script":""}
  ]},
  {"name":"Sparky","data":[
	{"id":"piano-dac","name":"Allo Piano","overlay":"","alsanum":"1","mixer":"Digital","modules":["snd-soc-allo-piano-dac"],"script":"","needsreboot":"yes"},
	{"id":"piano-dac-plus","name":"Allo Piano 2.1","overlay":"","alsanum":"1","mixer":"Digital","modules":["snd-soc-allo-piano-dac-plus"],"script":"","needsreboot":"yes"}
  ]},
  {"name":"Tinkerboard","data":[
    {"id":"hifiberry-amp","name":"HiFiBerry Amp","overlay":"hifiberry-amp","alsanum":"1","mixer":"Master","modules":"","script":"","needsreboot":"yes"},
    {"id":"hifiberry-dac","name":"HiFiBerry DAC","overlay":"hifiberry-dac","alsanum":"1","mixer":"","modules":"","script":"","needsreboot":"yes"},
    {"id":"hifiberry-dacplus","name":"HiFiBerry DAC Plus","overlay":"hifiberry-dacplus","alsanum":"1","mixer":"Digital","modules":"","script":"","needsreboot":"yes"},
    {"id":"iqaudio-dacplus","name":"IQaudIO DAC Plus","overlay":"iqaudio-dacplus","alsanum":"1","mixer":"Digital","modules":"","script":"iqamp-unmute.sh","needsreboot":"yes"}
  ]}
]}

